INSERT INTO auth.users (instance_id,id,aud,role,email,encrypted_password,email_confirmed_at,invited_at,confirmation_token,confirmation_sent_at,recovery_token,recovery_sent_at,email_change_token_new,email_change,email_change_sent_at,last_sign_in_at,raw_app_meta_data,raw_user_meta_data,is_super_admin,created_at,updated_at,phone,phone_confirmed_at,phone_change,phone_change_token,phone_change_sent_at,email_change_token_current,email_change_confirm_status,banned_until,reauthentication_token,reauthentication_sent_at,is_sso_user,deleted_at) VALUES ('4261cb20-aec4-5cda-ac77-86f150955528', 'f69d84ba-12d3-5ecf-b559-4812c9fa6e95', 'd7e2fa18-ca05-5254-b3da-febd5dec57d6', 'Keagan Shanahan', 'Elsie_Dibbert73731@tobogganrocket.biz', 'EJKC$%z1n@KP^o', '2020-02-26T13:48:44.000Z', '2020-06-10T17:08:39.000Z', '7e7c4c5a-fc7d-5001-930c-624f409cb52c', '2020-01-13T12:19:47.000Z', 'cef7eb5b-2b93-5edc-aa9f-49376f891162', '2020-04-12T15:53:32.000Z', '836390fb-f863-5d2b-adc7-d534af2acb64', 'Cyrus_Bins90752@klapshark.com', '2020-12-08T23:12:10.000Z', '2020-10-14T21:33:34.000Z', '{"Causa":"Ut iudicitur huic"}', '{"Maximo":"Tamenim nihil hanc"}', 'f', '2020-09-01T20:34:21.000Z', '2020-08-16T07:20:18.000Z', DEFAULT, '2017-06-26T05:32:56.000Z', DEFAULT, DEFAULT, '1984-05-25T04:10:49.000Z', DEFAULT, DEFAULT, '1982-11-19T10:36:04.000Z', DEFAULT, '2005-02-22T01:35:58.000Z', DEFAULT, '2008-09-13T20:18:49.000Z'), ('30736974-26d2-57e7-b3d6-b7c2948ea022', '77e3cc8a-c42c-532b-a359-a8bbcb772461', 'b06b070d-05fe-5251-a6e0-2a84e56a3af2', 'Rebeca Jones', 'Haley_Fahey49604@awesometelescreen.info', 'tG1c4@0A89o3BB', '2020-04-08T03:27:29.000Z', '2020-05-21T16:09:07.000Z', '0a88a9a8-5cf0-544f-9deb-f480a6884ecd', '2020-03-19T14:32:08.000Z', '6e3639bf-cb67-5ac5-86cf-4208d660dd0f', '2020-09-05T09:08:19.000Z', '6ddd1096-e620-539b-8feb-d0a29f7168f1', 'Bert.Schowalter45143@jostle-geek.com', '2020-10-18T09:39:28.000Z', '2020-12-24T11:24:05.000Z', '{"Ut":"Lat modo ad"}', '{"Generirac":"Bonoribus propostentiae epico"}', 't', '2020-12-24T11:48:26.000Z', '2020-08-20T19:59:25.000Z', DEFAULT, '2016-09-13T21:10:12.000Z', DEFAULT, DEFAULT, '2010-03-07T14:55:42.000Z', DEFAULT, DEFAULT, '1988-05-05T16:43:56.000Z', DEFAULT, '1998-07-07T18:32:48.000Z', DEFAULT, '2002-11-03T22:32:32.000Z'), ('3453b90a-8247-5447-b6c8-f573c16a7a5e', '8b18b2a2-ad5b-5009-bafd-c1c6c013fcec', '96276433-d1f7-5814-be48-09e8a7817bb6', 'Angel Schinner', 'Henriette_Ebert44724@valid-quest.name', 'fLNhiROM234@rC', '2020-05-01T17:07:17.000Z', '2020-07-03T06:18:37.000Z', 'e166d8d8-45a5-5d22-8159-66ae54ff132c', '2020-07-23T18:29:48.000Z', '8e853d61-6dca-5dbd-8d45-d19325fbcaa5', '2020-06-18T05:29:45.000Z', 'd09df7eb-e5a2-5274-80cc-8782d58cc0ac', 'Aniya.Hauck90420@represent-subconscious.net', '2020-02-22T13:14:45.000Z', '2020-08-28T07:44:30.000Z', '{"Si":"Sunt fieri"}', '{"Invidentur":"Ars latinanim deinde"}', 'f', '2020-09-09T20:22:35.000Z', '2020-11-07T22:32:50.000Z', DEFAULT, '1983-04-16T03:12:49.000Z', DEFAULT, DEFAULT, '1987-04-12T15:41:53.000Z', DEFAULT, DEFAULT, '1981-02-22T01:16:31.000Z', DEFAULT, '1986-07-03T06:16:39.000Z', DEFAULT, '1990-11-03T10:26:01.000Z'), ('54a2eaf3-cc7c-58f3-8c21-0074e6d7629d', '7ef502c8-8350-51ed-b780-17c8c9ce61cd', '330a09d2-eb8c-5454-a8bc-d168b2362ee7', 'Brooklyn Satterfield', 'Angelina.Gusikowski21122@biodegradable-ounce.info', '*5%R^INBt7nn', '2020-07-19T18:29:30.000Z', '2020-09-01T08:19:33.000Z', '7a4a028a-4059-5154-a01d-45bb531b647a', '2020-05-21T16:54:48.000Z', 'f3f67e9d-9b60-5c1c-bc8b-ea22132f8a63', '2020-04-04T15:51:24.000Z', '520c9bb7-3207-5cda-9ab7-3607ab182f66', 'Craig.Pfannerstill14545@intimatechain.net', '2020-03-15T14:06:05.000Z', '2020-05-01T16:43:59.000Z', '{"Nihilius":"Iis audirac"}', '{"Rutil":"Primum consequuntur"}', 't', '2020-02-22T13:03:48.000Z', '2020-10-10T09:54:50.000Z', DEFAULT, '1990-03-15T03:00:23.000Z', DEFAULT, DEFAULT, '1988-05-21T16:34:10.000Z', DEFAULT, DEFAULT, '1981-06-02T17:44:10.000Z', DEFAULT, '1996-09-17T09:07:14.000Z', DEFAULT, '1992-09-17T20:36:35.000Z'), ('a54c081c-b7e8-5cd9-84f7-0de705ab9dc6', '7cd5f81b-20a9-51a3-94ff-639f9249f63d', '851bc8bb-bb61-5c20-a141-3e0e911a8d36', 'Leora Windler', 'Maxie_Bruen40399@utilise-regard.net', '&nBwlI#ot^ZzI', '2020-06-14T17:22:07.000Z', '2020-10-14T21:12:15.000Z', '5da239c0-7dfd-5a4d-b5d5-4c028db80052', '2020-12-12T23:35:33.000Z', 'd36e5474-6db5-581f-84e4-9d6366113cd5', '2020-12-20T12:03:04.000Z', '5a7751de-107f-5edd-82c9-c2843e4c285d', 'Nicholas.Cremin8890@acrobatic-omnivore.net', '2020-01-09T00:47:34.000Z', '2020-10-10T21:37:56.000Z', '{"Quae":"Numquam tamen"}', '{"Civium":"Res accurrunt"}', 't', '2020-06-06T17:56:08.000Z', '2020-06-02T17:42:53.000Z', DEFAULT, '1984-01-17T12:35:14.000Z', DEFAULT, DEFAULT, '2007-08-08T19:22:59.000Z', DEFAULT, DEFAULT, '2019-08-20T07:23:10.000Z', DEFAULT, '1985-06-14T05:09:25.000Z', DEFAULT, '1992-09-09T20:34:56.000Z'), ('3c5f8728-fde8-53ec-b3d0-8baed6edf112', 'be59f9ba-1841-549f-9961-4deb882e6179', 'a68475a2-f6be-5a91-95b7-9c7ef0b75804', 'Jabari Von', 'Mossie_Emard67095@regularsilkworm.org', 'e1kJla2oI3]Xe', '2020-07-27T06:43:01.000Z', '2020-05-21T04:12:02.000Z', '90f06a6c-7464-5006-8438-e1ef8c100646', '2020-10-22T21:57:36.000Z', '65a4b452-50cc-573a-a80c-29b0bb7af61a', '2020-02-18T13:03:02.000Z', 'caba0ede-3ef3-5580-90fc-5bfae51a7153', 'Claudia.O_Conner93413@inveigle-cowboy.name', '2020-07-03T18:10:07.000Z', '2020-05-25T04:20:16.000Z', '{"Contur":"Manus ad iturum"}', '{"Plura":"Sedendere e ii"}', 'f', '2020-03-19T02:16:38.000Z', '2020-05-25T05:08:37.000Z', DEFAULT, '2017-10-10T22:11:02.000Z', DEFAULT, DEFAULT, '2013-02-26T01:18:05.000Z', DEFAULT, DEFAULT, '1994-03-03T14:26:24.000Z', DEFAULT, '1997-02-02T01:46:35.000Z', DEFAULT, '2016-01-01T12:39:58.000Z'), ('f3a8049c-a669-5e4c-af1c-061f90ba0ab7', '61bc086a-36fd-55da-acde-d8e66b1a1b58', '84c5989b-4348-59f9-87c9-17822bc04f6b', 'Kenna Howe', 'Bart_Walter57154@immense-review.biz', '}Sp{WWZl0%b@&', '2020-07-07T18:09:01.000Z', '2020-02-14T13:10:47.000Z', '5f4919aa-fd92-5519-93a4-90d642b63d2b', '2020-06-06T05:13:57.000Z', 'd547b03a-454c-5138-a440-745f74d5bf90', '2020-02-10T01:38:55.000Z', '02fc5197-5ba7-5ee8-95ba-89be856d2731', 'Everardo_Gleason3123@murderdeadline.name', '2020-12-12T23:47:39.000Z', '2020-10-14T22:10:31.000Z', '{"Quod":"Quae iis sine"}', '{"Hoc":"In causa tum"}', 't', '2020-12-21T00:12:37.000Z', '2020-07-27T06:51:39.000Z', DEFAULT, '2005-10-22T09:49:33.000Z', DEFAULT, DEFAULT, '2002-03-11T14:02:52.000Z', DEFAULT, DEFAULT, '2001-02-18T13:07:07.000Z', DEFAULT, '1991-12-24T11:21:04.000Z', DEFAULT, '2004-01-21T00:37:52.000Z'), ('2c688477-c07a-5c5c-9151-b420abe9a0bf', '90763d54-ade2-5337-937e-111ac06c92a4', '87056545-7d09-5e76-9a43-aa34bc5ca3e9', 'Cornelius Schmitt', 'Brisa.Walter550@negligiblependant.biz', '@VCXA$rJYP8xwG', '2020-08-16T07:33:42.000Z', '2020-08-20T08:10:22.000Z', '9b77f697-681e-5565-b83f-9499a5746198', '2020-05-09T05:03:27.000Z', 'ee598d6c-06d9-552d-9695-058aa76683b1', '2020-01-13T00:55:33.000Z', '220d428a-11a5-50a7-995d-08a76d1f35e2', 'Zander_Abernathy57013@smoothboy.com', '2020-12-16T11:37:57.000Z', '2020-09-05T08:32:19.000Z', '{"Repugientiam":"Circum adhuc"}', '{"Ad":"Neque osophorum"}', 'f', '2020-11-23T10:22:37.000Z', '2020-04-08T03:10:07.000Z', DEFAULT, '2017-02-14T13:52:23.000Z', DEFAULT, DEFAULT, '1991-12-08T11:11:49.000Z', DEFAULT, DEFAULT, '2008-05-21T04:32:32.000Z', DEFAULT, '1986-07-15T06:15:13.000Z', DEFAULT, '1990-07-03T18:37:51.000Z'), ('9b27552a-c1fa-5f10-8cd8-9ce7cc55c707', '28c93b57-679d-5754-a744-ded420174def', '5d37d1db-abac-5588-8322-52c23a7eca9e', 'Berta Becker', 'Marlee.Morar90220@yawnillness.name', 'Gc&$uSAb!o#dcX', '2020-09-21T20:35:09.000Z', '2020-03-03T14:41:40.000Z', '74b7eb0d-7498-5ce4-83d1-0e973bb6eced', '2020-04-24T04:01:11.000Z', '9bf8675e-87f7-5f09-9d79-fc48b63448d5', '2020-05-09T04:20:27.000Z', 'b427e403-d9fe-5101-a98f-5795152d2d19', 'Tia_Zemlak23633@planplunger.net', '2020-09-01T08:11:58.000Z', '2020-11-27T22:35:36.000Z', '{"Confirmat":"Philostentia ter illud"}', '{"Omiturae":"Igunt de sed"}', 't', '2020-01-21T00:43:20.000Z', '2020-01-25T12:27:12.000Z', DEFAULT, '1990-03-27T02:52:18.000Z', DEFAULT, DEFAULT, '1991-08-12T19:32:00.000Z', DEFAULT, DEFAULT, '1982-07-15T18:44:34.000Z', DEFAULT, '1990-11-03T10:15:03.000Z', DEFAULT, '1992-01-01T12:24:50.000Z'), ('f245713c-e720-56cf-acfc-19053c0174cf', '3b2f0e56-e631-5566-a206-c4fff0284bc3', '47969a5e-566e-5748-95bb-914373c7a305', 'Colby Kessler', 'Magnolia.Leannon28705@awkwardnanoparticle.com', 'TYx}LEp[ksSi2', '2020-06-06T05:23:44.000Z', '2020-01-05T01:01:01.000Z', 'dd8ccd45-b39c-5e72-9d8c-95742ecf72fb', '2020-09-13T08:21:01.000Z', '69cf729f-bef4-53f6-80e3-9d391ae00844', '2020-10-02T22:11:22.000Z', '2b6bac1b-c868-5cca-8837-6e7f50ba01f3', 'Winona_Wyman30080@unequaled-editor.info', '2020-11-03T11:04:13.000Z', '2020-08-08T07:43:56.000Z', '{"Contra":"Suapte et ocere"}', '{"Dolorem":"Et esse"}', 't', '2020-10-26T09:36:07.000Z', '2020-03-03T14:02:09.000Z', DEFAULT, '1995-04-04T15:29:52.000Z', DEFAULT, DEFAULT, '1984-09-01T20:44:35.000Z', DEFAULT, DEFAULT, '1992-09-05T20:45:15.000Z', DEFAULT, '1986-07-15T06:22:06.000Z', DEFAULT, '2009-06-02T05:31:56.000Z'), ('ab44f451-f426-5945-a4c6-fa43570e053d', '1e4f276f-1b02-5f93-bec2-95e0aa545aae', '0de202fc-c273-5d0e-b398-b7989f64d9f3', 'Arvilla McKenzie', 'Warren.Frami35479@groundedcircumstance.com', '}nqFHqFN7WHxHj', '2020-04-24T15:53:15.000Z', '2020-05-21T17:01:05.000Z', '1cd70e42-5719-52eb-a01f-0fdf6231f0c9', '2020-04-20T15:28:37.000Z', '34d62a61-e1ee-5d0a-8c1f-3d145431ea9b', '2020-11-11T10:37:34.000Z', 'c3ba27c9-1f41-5012-b372-18e1952089e0', 'Leo_Gleichner57017@sweetnoon.org', '2020-03-03T02:44:55.000Z', '2020-11-15T10:40:53.000Z', '{"Legenim":"Molesse quo"}', '{"Melius":"Se idieque"}', 'f', '2020-10-14T09:24:02.000Z', '2020-09-25T20:57:56.000Z', DEFAULT, '2019-08-04T07:32:56.000Z', DEFAULT, DEFAULT, '1995-08-08T08:01:18.000Z', DEFAULT, DEFAULT, '2015-12-04T11:41:56.000Z', DEFAULT, '2003-04-24T15:12:57.000Z', DEFAULT, '2000-01-09T12:09:07.000Z'), ('f7f81459-bf55-5afb-9686-1b2efff74cc8', '4343ea0f-d55d-5395-bb2b-6ad0b47516d2', '04cf68ce-4ba0-57e8-8e74-00d67ed6582c', 'Alyson Rolfson', 'Doyle.Anderson12041@grosscow.biz', 'QQJ&2i1VQbx4', '2020-01-25T12:36:17.000Z', '2020-12-08T11:54:49.000Z', '3410d6ce-afde-58be-9de2-2a52154ba84a', '2020-06-18T05:54:42.000Z', 'a55859fd-a78d-5046-8433-d6d51c795a50', '2020-09-01T08:18:44.000Z', '7615080c-9844-5b56-9baf-eb0578538cd7', 'Madaline_Herman23433@hurry-secretion.biz', '2020-12-24T12:02:19.000Z', '2020-03-07T02:11:40.000Z', '{"Tranquillitter":"Habet idinflammat"}', '{"Legit":"Fieri praeter non"}', 't', '2020-11-23T22:59:40.000Z', '2020-07-11T18:06:59.000Z', DEFAULT, '1991-12-16T11:18:50.000Z', DEFAULT, DEFAULT, '2004-01-21T00:40:40.000Z', DEFAULT, DEFAULT, '2011-12-12T23:23:12.000Z', DEFAULT, '2014-03-23T02:29:11.000Z', DEFAULT, '2014-03-19T02:15:49.000Z'), ('a18f5ac9-4a70-532c-bdf2-a2bffb7fc107', 'b40b6c3e-b8fe-5890-91fb-88b2f34b7dc9', 'b946c1bd-8a0d-5988-ae37-642c742d0f53', 'Madge Haag', 'Royce_Skiles39502@incriminate-fennel.info', 'T!78@A}@*YlL3', '2020-09-17T08:59:26.000Z', '2020-02-02T01:49:15.000Z', 'a3ce4a83-f1ec-5a0c-acb0-dd843dd3776c', '2020-03-11T14:36:54.000Z', '9f84e282-c19d-55a2-8115-4c7621f61c7b', '2020-09-13T20:35:08.000Z', '2729db24-a466-5596-b5b7-3bd7cf5b7672', 'Kennith_Collins94817@creolise-pendant.net', '2020-05-09T16:44:13.000Z', '2020-06-02T05:48:15.000Z', '{"Multa":"Nulla am"}', '{"Simo":"Quaeso si"}', 'f', '2020-09-17T08:29:08.000Z', '2020-09-13T20:47:28.000Z', DEFAULT, '1989-10-18T09:17:41.000Z', DEFAULT, DEFAULT, '1980-01-05T00:04:30.000Z', DEFAULT, DEFAULT, '1993-06-22T06:00:42.000Z', DEFAULT, '1992-01-05T12:23:51.000Z', DEFAULT, '1981-02-22T01:06:15.000Z'), ('94115302-1554-5db7-8fb2-f56e6256426e', '1edee2c7-0e7d-5884-915a-aee7d0eb29c4', 'a0e937ad-9145-55da-a921-b881ddaf6ba1', 'Opal Kerluke', 'Angie.Metz72400@stridestationwagon.org', '9DPpyrkXsprP{', '2020-03-07T02:46:58.000Z', '2020-06-22T17:06:03.000Z', '1b7cbae1-9e30-567d-a81a-9131b71ea4ab', '2020-05-05T17:07:49.000Z', '3e6b85cf-1555-53e5-99be-cd7d08e14800', '2020-08-12T07:48:54.000Z', '485f826d-1a90-5e1c-bf7f-ef9003f61c38', 'Annetta.Sanford49547@scootbreadfruit.com', '2020-06-14T05:23:45.000Z', '2020-05-21T04:36:51.000Z', '{"Eamque":"Doloribus dolorum"}', '{"Honesse":"Aptior vero"}', 'f', '2020-02-22T01:54:22.000Z', '2020-05-25T05:02:26.000Z', DEFAULT, '1995-04-08T15:24:13.000Z', DEFAULT, DEFAULT, '2017-10-18T22:09:25.000Z', DEFAULT, DEFAULT, '2009-10-18T21:13:43.000Z', DEFAULT, '1999-12-28T12:10:11.000Z', DEFAULT, '1989-06-18T17:29:52.000Z'), ('d65ae658-8cad-56a3-9259-b5d3ee6e2429', 'ee8632a8-fbc0-5b25-8103-1376de155bcf', 'd68c1254-9a58-5a77-b759-2368d476b5bb', 'Jamar Smith', 'Shania.Bahringer65691@unconscious-cougar.info', 'xEA5VM8cLz&g2', '2020-05-05T17:03:23.000Z', '2020-05-05T05:07:28.000Z', '9a752791-1fbc-58ee-855a-63a535a19719', '2020-05-17T16:41:40.000Z', '0b028227-2ded-5bb7-a352-fe297873adac', '2020-10-02T21:42:42.000Z', 'c7042905-4458-5669-b89b-cef387e42ea9', 'Miller.Willms23463@athleticrhythm.net', '2020-06-26T17:54:07.000Z', '2020-12-28T23:57:22.000Z', '{"Oribus":"Pluribus nec"}', '{"Tit":"A alique solum"}', 'f', '2020-02-18T13:57:55.000Z', '2020-05-21T04:57:56.000Z', DEFAULT, '2003-04-12T15:14:02.000Z', DEFAULT, DEFAULT, '2003-12-04T23:23:59.000Z', DEFAULT, DEFAULT, '2003-04-12T15:12:31.000Z', DEFAULT, '1988-09-01T08:18:44.000Z', DEFAULT, '2013-06-06T18:08:36.000Z'), ('d4e0a35c-9b79-5fcd-80f1-8134ec0dabe6', '583ab958-b78e-5cdb-ae25-3885bd690f98', '53c4eddf-6611-5954-8988-d4a667a76b6b', 'Ralph Pouros', 'Marvin_D_Amore56508@scaly-harm.info', 'tgdJTdwuJuv6W', '2020-11-23T10:58:08.000Z', '2020-08-12T19:34:48.000Z', '158af118-834b-5b54-bbd3-f88ff699b0d0', '2020-03-15T02:50:21.000Z', '4f6d9d8d-95a1-5c93-9a40-f2cb99851f01', '2020-08-28T19:16:54.000Z', '0a1b97c1-8631-5fcc-a75f-4b367c916335', 'Ayden_Pacocha67215@glossy-slime.info', '2020-10-06T09:22:09.000Z', '2020-11-11T11:06:41.000Z', '{"Dolorem":"Iis reprehen"}', '{"Senectutem":"Causa per esse"}', 'f', '2020-09-01T20:46:35.000Z', '2020-07-15T06:50:03.000Z', DEFAULT, '2010-03-07T15:03:10.000Z', DEFAULT, DEFAULT, '2007-08-24T19:14:23.000Z', DEFAULT, DEFAULT, '1987-12-13T00:03:31.000Z', DEFAULT, '1981-06-10T17:46:59.000Z', DEFAULT, '1989-06-10T17:35:13.000Z'), ('ef126531-563d-55bc-8e55-65874eab663c', '482ede39-c903-5d15-ad5b-12f016524599', 'f1e9f029-4f37-56b2-b929-af8b50338143', 'Osborne Effertz', 'Alivia_Wiza4568@unmask-project.info', 'wJfvyn3nz8q6z', '2020-03-03T02:26:10.000Z', '2020-09-01T08:08:49.000Z', '6c975c3e-d2dc-5444-8db8-5aba55cc583e', '2020-06-22T05:29:36.000Z', '381d1248-32f2-5a1e-b8c7-d3c41017707e', '2020-04-28T03:27:07.000Z', '7f26963d-b158-5501-8b7e-d428fc319936', 'Kane.Beahan30575@alertcolon.org', '2020-04-04T03:41:37.000Z', '2020-04-20T15:06:42.000Z', '{"Aliae":"Voluptates facerimprob ponitaris"}', '{"Putari":"Se omne individa"}', 'f', '2020-09-05T08:32:11.000Z', '2020-01-05T12:51:27.000Z', DEFAULT, '2013-10-02T09:33:08.000Z', DEFAULT, DEFAULT, '2009-02-22T13:57:52.000Z', DEFAULT, DEFAULT, '1991-12-28T11:23:21.000Z', DEFAULT, '1984-01-13T12:36:06.000Z', DEFAULT, '1997-06-06T17:18:50.000Z'), ('8183b487-eac2-5d0d-b6f7-6926ab6eb129', '7e796d39-f8bd-53c0-b1ca-27ddbf57f1a5', '13dd875c-d26c-5981-9fbf-8148c45fe4cd', 'Stephon Cole', 'Halle.O_Hara11425@writhing-latency.info', 'cFc@PJQUAR]evw', '2020-02-18T13:22:30.000Z', '2020-08-08T07:27:10.000Z', '42974921-d977-5e1e-8aa8-a7dee947a6b5', '2020-10-02T09:55:38.000Z', '65edfe12-fd17-56f0-8fd4-351268210109', '2020-06-06T05:11:58.000Z', '52901c3b-2b2d-5c21-98ad-f6d23c873243', 'Shirley_Ratke52816@overdevelop-ore.org', '2020-01-25T12:02:58.000Z', '2020-09-13T21:08:27.000Z', '{"Inorescer":"Sed iudicurum"}', '{"Iam":"Aut rebus praetorum"}', 't', '2020-07-27T06:45:36.000Z', '2020-03-23T14:19:09.000Z', DEFAULT, '2016-01-09T12:46:38.000Z', DEFAULT, DEFAULT, '2014-11-23T10:36:28.000Z', DEFAULT, DEFAULT, '1993-06-22T06:00:42.000Z', DEFAULT, '2010-11-07T22:21:46.000Z', DEFAULT, '2015-08-08T19:56:38.000Z'), ('724dd455-264a-56d3-a8e2-47355e6d1a85', '70b3257d-0abf-533a-bd0c-10c39a03f7a1', 'fcd72da3-adae-5a8d-8061-0b0c5bcdeaad', 'Greg Wiza', 'Issac_Terry90784@sortamusement.name', 'Yn4gNv3G]JXRx', '2020-03-07T14:26:14.000Z', '2020-09-21T20:37:56.000Z', 'ffd10cde-71e9-5b2c-8341-576b6f7695e0', '2020-03-27T02:06:45.000Z', '2bcb8b59-0098-5e99-b206-240baaddd89f', '2020-05-13T04:20:04.000Z', 'd042f2fc-49a8-5975-ab3d-cfc220aad799', 'Jeramie.Treutel25199@quixoticeverybody.info', '2020-04-28T15:43:19.000Z', '2020-01-09T12:39:32.000Z', '{"Refer":"Eturus monet quid"}', '{"Quia":"Ii voluptate est"}', 't', '2020-04-28T03:19:04.000Z', '2020-02-18T13:14:55.000Z', DEFAULT, '2010-03-23T15:02:23.000Z', DEFAULT, DEFAULT, '1988-01-01T00:54:53.000Z', DEFAULT, DEFAULT, '2004-09-25T08:46:09.000Z', DEFAULT, '1980-01-17T00:11:35.000Z', DEFAULT, '2005-10-14T09:49:18.000Z'), ('fccd77c9-4fae-5a06-82e6-217094f1c4a3', 'c0b021f3-4e27-56a0-b528-3e1fe1a26edc', 'e2035bf3-186f-578f-bfbc-d72535fb0433', 'Tad Kuhic', 'Adela_Cummerata57328@artistic-lens.info', 'J@f}!62t&&7OP', '2020-06-14T05:38:19.000Z', '2020-10-06T21:47:12.000Z', '4fccd995-0383-5ef0-b10a-5ccd103c68f6', '2020-06-02T05:08:03.000Z', '0a3390c5-7eda-57f8-9337-f060acedfa2d', '2020-05-21T04:26:29.000Z', '12135471-0bde-5a63-bda5-54c611de97fd', 'Orland.Fisher24085@villainous-bowtie.name', '2020-11-15T10:59:45.000Z', '2020-01-13T12:30:23.000Z', '{"Orum":"Sed ophiae aut"}', '{"Audita":"Ac tam"}', 't', '2020-10-14T21:11:33.000Z', '2020-04-12T03:46:46.000Z', DEFAULT, '2014-03-15T02:18:54.000Z', DEFAULT, DEFAULT, '1996-01-17T00:36:02.000Z', DEFAULT, DEFAULT, '2016-09-17T21:05:57.000Z', DEFAULT, '1988-01-21T01:00:49.000Z', DEFAULT, '1981-02-22T01:08:56.000Z'), ('eb3d9d14-9b72-5a5b-877d-234653368e06', 'cd865cef-1e8d-5694-8a2d-6ee50c746cfb', '74cea506-4f96-523a-9d8d-50d6140eb8e1', 'Lauriane Wilkinson', 'Josephine_Grant26559@gut-disagreement.info', '1sV}&HugbMfyA@', '2020-11-15T23:00:14.000Z', '2020-02-14T13:33:30.000Z', '995340a5-587d-5870-a08f-b601e9e12f24', '2020-02-26T13:40:49.000Z', '2d3a058c-fd6f-5de5-a63d-03fbc3db9e41', '2020-11-11T22:19:44.000Z', '646bea7f-95dd-59d7-816d-498d7ae58ef9', 'Harrison.Kunde37691@prime-summary.org', '2020-10-14T21:25:04.000Z', '2020-01-01T00:57:48.000Z', '{"Non":"Mihi reperam"}', '{"Multos":"Magnam idonandi dicam"}', 't', '2020-11-19T23:10:19.000Z', '2020-12-29T00:03:05.000Z', DEFAULT, '1990-07-15T18:37:42.000Z', DEFAULT, DEFAULT, '1982-07-27T18:45:14.000Z', DEFAULT, DEFAULT, '1991-04-28T04:00:19.000Z', DEFAULT, '1985-10-26T21:51:15.000Z', DEFAULT, '1995-08-24T08:07:38.000Z'), ('48e927e4-52e0-5a5a-a5d8-bd071d5b1cf3', '461d5181-94a4-53b0-ad4d-d1bdd077ec0a', 'ed26f3f1-9c0f-5733-b844-b812dcdc2a11', 'Michaela Stracke', 'Effie.Rath99172@focusedshakedown.org', 'lVyZs7&zXK8@x', '2020-01-09T12:49:26.000Z', '2020-02-14T01:23:22.000Z', '9c5f6dcd-f594-59d3-b7f4-184d1d219ebd', '2020-04-16T15:38:20.000Z', 'd5b47f7b-b5a6-5e6b-abb2-39a2c6337e68', '2020-07-07T18:33:37.000Z', 'b03cc95d-d309-5210-8b44-6ad7770ca556', 'Dylan.Pfeffer71254@extendcough.biz', '2020-11-19T11:02:51.000Z', '2020-04-12T03:42:14.000Z', '{"Rebus":"Ut gere"}', '{"Ut":"Soluto laudanim quam"}', 't', '2020-02-22T13:11:23.000Z', '2020-12-16T11:23:02.000Z', DEFAULT, '2017-10-18T22:09:32.000Z', DEFAULT, DEFAULT, '2006-07-23T18:17:41.000Z', DEFAULT, DEFAULT, '1998-07-27T18:34:04.000Z', DEFAULT, '1991-04-24T04:02:14.000Z', DEFAULT, '1988-01-13T00:55:12.000Z'), ('17b6d41d-0f4f-51e7-9b63-9a8eb4d456dd', '010a1bde-4154-593d-82b8-3bb9ba668314', '28681dcd-1532-59ab-b6cc-a9ba873595b1', 'Sierra Herman', 'Glenna_Dickens3084@skimpshipper.name', '#eoND%RnXg}@', '2020-01-01T12:12:21.000Z', '2020-09-05T09:03:18.000Z', '5e5cc22e-dbbb-5167-9d08-3dae0668ba59', '2020-09-09T20:13:30.000Z', 'b5849447-f277-5ec1-9849-36fe307b3441', '2020-08-24T19:26:37.000Z', '342318ab-ee7c-5024-b41a-ccc573a87dba', 'Laverne_Torp38007@infamousriverbed.com', '2020-09-25T20:57:28.000Z', '2020-02-14T13:39:40.000Z', '{"Quibus":"Pericos summum doloratque"}', '{"E":"Et non quidem"}', 't', '2020-11-03T10:35:55.000Z', '2020-06-10T05:26:43.000Z', DEFAULT, '1981-10-10T09:33:59.000Z', DEFAULT, DEFAULT, '1999-04-28T03:39:20.000Z', DEFAULT, DEFAULT, '2006-07-03T18:07:33.000Z', DEFAULT, '1998-11-27T11:02:38.000Z', DEFAULT, '1983-08-04T19:45:09.000Z'), ('8e72de84-f4c0-564d-b214-8359975e33b5', 'b2310971-692b-520c-917d-8d4a2a53a3ea', 'b8022604-5077-5969-ab89-7519a852582c', 'Meagan Dare', 'Junior.Kunze8908@invade-thong.name', 'wPX}4d1p3Fj}p3', '2020-11-11T22:58:38.000Z', '2020-01-01T00:39:23.000Z', '387cc1e2-5559-5177-9792-2d4b7e9924ad', '2020-07-07T06:16:15.000Z', '8202fe83-5b70-55b9-b836-5677a51055ee', '2020-07-27T07:00:16.000Z', 'b1741c2f-d07e-57f3-82f2-c71ac236d344', 'Lorena.Will12782@mediocrecreature.org', '2020-08-28T07:12:21.000Z', '2020-10-18T21:18:51.000Z', '{"Natus":"Et sic"}', '{"Il":"Profecce anim fugientiam"}', 'f', '2020-12-20T23:25:18.000Z', '2020-02-26T01:21:35.000Z', DEFAULT, '2013-02-14T01:26:24.000Z', DEFAULT, DEFAULT, '1986-03-15T14:41:59.000Z', DEFAULT, DEFAULT, '2000-01-01T12:05:36.000Z', DEFAULT, '2013-02-26T01:17:16.000Z', DEFAULT, '2005-06-26T17:20:28.000Z'), ('2ab382ee-3b42-5dc4-8b5c-67f84fd9097d', '28137b1d-e539-5587-ae3f-45fb750b0245', '920ad079-41b7-5730-a59e-9a6b27373af8', 'Elenor Boyle', 'Adolphus.McLaughlin31242@knotty-thermostat.org', 'UFqp*3IEIW&BN', '2020-08-16T08:08:47.000Z', '2020-11-11T22:50:50.000Z', 'f48386d7-1244-5faf-92fb-56415f6b286f', '2020-06-02T17:42:04.000Z', '500a96c3-e18e-5e69-bcb4-382aa7fa517f', '2020-04-16T03:33:12.000Z', '09564b04-6db4-57ca-8f7b-7a9c24a8b479', 'Broderick.Greenfelder78411@absolutefusarium.biz', '2020-11-07T22:33:25.000Z', '2020-02-06T01:37:05.000Z', '{"Et":"Potius hanc"}', '{"Inducitaq":"Voluitatem etiam de"}', 'f', '2020-01-05T00:44:07.000Z', '2020-06-26T05:41:04.000Z', DEFAULT, '1985-06-10T05:06:40.000Z', DEFAULT, DEFAULT, '2000-01-13T12:12:27.000Z', DEFAULT, DEFAULT, '2000-05-25T04:54:52.000Z', DEFAULT, '2006-07-07T18:12:59.000Z', DEFAULT, '2011-08-20T07:44:37.000Z');
INSERT INTO public.signups (id,event_id,user_id) VALUES (1, NULL, NULL), (2, NULL, NULL), (3, NULL, NULL), (4, NULL, NULL), (5, NULL, NULL), (6, NULL, NULL), (7, NULL, NULL), (8, NULL, NULL), (9, NULL, NULL), (10, NULL, NULL), (11, NULL, NULL), (12, NULL, NULL), (13, NULL, NULL), (14, NULL, NULL), (15, NULL, NULL), (16, NULL, NULL), (17, NULL, NULL), (18, NULL, NULL), (19, NULL, NULL), (20, NULL, NULL), (21, NULL, NULL), (22, NULL, NULL), (23, NULL, NULL), (24, NULL, NULL), (25, NULL, NULL), (26, NULL, NULL), (27, NULL, NULL), (28, NULL, NULL), (29, NULL, NULL), (30, NULL, NULL), (31, NULL, NULL), (32, NULL, NULL), (33, NULL, NULL), (34, NULL, NULL), (35, NULL, NULL), (36, NULL, NULL), (37, NULL, NULL), (38, NULL, NULL), (39, NULL, NULL), (40, NULL, NULL), (41, NULL, NULL), (42, NULL, NULL), (43, NULL, NULL), (44, NULL, NULL), (45, NULL, NULL), (46, NULL, NULL), (47, NULL, NULL), (48, NULL, NULL), (49, NULL, NULL), (50, NULL, NULL);
INSERT INTO public.profiles (id,email,firstname,lastname) VALUES ('f69d84ba-12d3-5ecf-b559-4812c9fa6e95', 'Ramona_Pfannerstill79205@losebump.org', DEFAULT, 'Grady'), ('77e3cc8a-c42c-532b-a359-a8bbcb772461', 'Cleveland_Goldner62282@rapid-ATM.name', DEFAULT, 'Stoltenberg'), ('8b18b2a2-ad5b-5009-bafd-c1c6c013fcec', 'Juston.Nader86015@canine-legume.org', DEFAULT, 'Feil'), ('7ef502c8-8350-51ed-b780-17c8c9ce61cd', 'Carole.Schroeder94440@flat-interloper.info', DEFAULT, 'Towne'), ('7cd5f81b-20a9-51a3-94ff-639f9249f63d', 'Amira.Thiel41372@strollsubmitter.name', DEFAULT, 'Erdman'), ('be59f9ba-1841-549f-9961-4deb882e6179', 'Natalia.Konopelski34515@chillax-oats.org', DEFAULT, 'Lind'), ('61bc086a-36fd-55da-acde-d8e66b1a1b58', 'Lizzie_Wintheiser83827@shabbyrifle.com', DEFAULT, 'Langworth'), ('90763d54-ade2-5337-937e-111ac06c92a4', 'Odessa_Feil51897@sunset-succotash.net', DEFAULT, 'Littel'), ('28c93b57-679d-5754-a744-ded420174def', 'Shawna.Torphy31854@festoonbonus.biz', DEFAULT, 'Williamson'), ('3b2f0e56-e631-5566-a206-c4fff0284bc3', 'Ricardo_Keeling346@wet-trench.com', DEFAULT, 'Gleason'), ('1e4f276f-1b02-5f93-bec2-95e0aa545aae', 'Rita.Kulas29006@handicapdoubling.info', DEFAULT, 'Kub'), ('4343ea0f-d55d-5395-bb2b-6ad0b47516d2', 'Wilfredo.Lockman27799@bonyjogging.biz', DEFAULT, 'Roob'), ('b40b6c3e-b8fe-5890-91fb-88b2f34b7dc9', 'Ladarius_Hoeger4436@forsaken-prince.net', DEFAULT, 'Abbott'), ('1edee2c7-0e7d-5884-915a-aee7d0eb29c4', 'Velva.Ernser41006@gifted-editing.biz', DEFAULT, 'Schmitt'), ('ee8632a8-fbc0-5b25-8103-1376de155bcf', 'Cordia.Brekke21888@common-vision.info', DEFAULT, 'Collier'), ('583ab958-b78e-5cdb-ae25-3885bd690f98', 'Kadin_Jones41624@check-snow.org', DEFAULT, 'Zieme'), ('482ede39-c903-5d15-ad5b-12f016524599', 'Olen.Keebler6440@piercingpocket.org', DEFAULT, 'Mertz'), ('7e796d39-f8bd-53c0-b1ca-27ddbf57f1a5', 'Arianna_Grady18838@variable-ruler.org', DEFAULT, 'Pacocha'), ('70b3257d-0abf-533a-bd0c-10c39a03f7a1', 'Gwen.Reynolds50294@wobblydivide.name', DEFAULT, 'Buckridge'), ('c0b021f3-4e27-56a0-b528-3e1fe1a26edc', 'Queenie_Schmitt9925@initialize-glee.info', DEFAULT, 'O''Reilly'), ('cd865cef-1e8d-5694-8a2d-6ee50c746cfb', 'Asa.Stehr61915@undercookobedience.info', DEFAULT, 'Blick'), ('461d5181-94a4-53b0-ad4d-d1bdd077ec0a', 'Ardith_Bartoletti60220@contemplate-goodbye.com', DEFAULT, 'Ritchie'), ('010a1bde-4154-593d-82b8-3bb9ba668314', 'Tamia.Haley90774@wetblow.info', DEFAULT, 'Fadel'), ('b2310971-692b-520c-917d-8d4a2a53a3ea', 'Alexane_Kassulke91192@onlyseafood.info', DEFAULT, 'Sanford'), ('28137b1d-e539-5587-ae3f-45fb750b0245', 'Elliot.Bruen23357@harmground.name', DEFAULT, 'Torphy');
INSERT INTO public.events (title,body,date,id,owned_by) VALUES ('Test future event', 'Negant hoc signiferos esset quod.', 'Tue Dec 12 2028', 'c8350ce6-3c40-5840-a87b-7e6c453eff95', NULL), ('Ei morborum vidis hominest sed suavit ob epicur.', 'Vivenimic ex sed fore approbaris uto redeam.', 'Fri Jan 12 2029', '96393ab4-cbd2-51bc-a1f8-0e783aa08977', NULL), ('Et tenebat neque et non sapienae iis quibus.', 'Lat magis amus libere dolorum quae.', 'Sat Feb 12 2028', 'b0af2f0f-203c-5c18-8321-2b4ea55d95f4', NULL), ('Laborum earum censes non foderate neque.', 'Quo constantia accessio publictorquat quae.', 'Sun Mar 12 2028', 'bfe5d8f5-51bd-582e-b735-a8ae497a8497', NULL);
UPDATE public.signups SET event_id = 'c8350ce6-3c40-5840-a87b-7e6c453eff95', user_id = '583ab958-b78e-5cdb-ae25-3885bd690f98' WHERE id = 1;
UPDATE public.signups SET event_id = 'c8350ce6-3c40-5840-a87b-7e6c453eff95', user_id = '90763d54-ade2-5337-937e-111ac06c92a4' WHERE id = 2;
UPDATE public.signups SET event_id = 'c8350ce6-3c40-5840-a87b-7e6c453eff95', user_id = 'be59f9ba-1841-549f-9961-4deb882e6179' WHERE id = 3;
UPDATE public.signups SET event_id = 'bfe5d8f5-51bd-582e-b735-a8ae497a8497', user_id = '010a1bde-4154-593d-82b8-3bb9ba668314' WHERE id = 4;
UPDATE public.signups SET event_id = '96393ab4-cbd2-51bc-a1f8-0e783aa08977', user_id = 'c0b021f3-4e27-56a0-b528-3e1fe1a26edc' WHERE id = 5;
UPDATE public.signups SET event_id = '96393ab4-cbd2-51bc-a1f8-0e783aa08977', user_id = 'b2310971-692b-520c-917d-8d4a2a53a3ea' WHERE id = 6;
UPDATE public.signups SET event_id = 'bfe5d8f5-51bd-582e-b735-a8ae497a8497', user_id = '1e4f276f-1b02-5f93-bec2-95e0aa545aae' WHERE id = 7;
UPDATE public.signups SET event_id = 'b0af2f0f-203c-5c18-8321-2b4ea55d95f4', user_id = '482ede39-c903-5d15-ad5b-12f016524599' WHERE id = 8;
UPDATE public.signups SET event_id = 'c8350ce6-3c40-5840-a87b-7e6c453eff95', user_id = '28137b1d-e539-5587-ae3f-45fb750b0245' WHERE id = 9;
UPDATE public.signups SET event_id = 'bfe5d8f5-51bd-582e-b735-a8ae497a8497', user_id = '70b3257d-0abf-533a-bd0c-10c39a03f7a1' WHERE id = 10;
UPDATE public.signups SET event_id = '96393ab4-cbd2-51bc-a1f8-0e783aa08977', user_id = '61bc086a-36fd-55da-acde-d8e66b1a1b58' WHERE id = 11;
UPDATE public.signups SET event_id = 'c8350ce6-3c40-5840-a87b-7e6c453eff95', user_id = '583ab958-b78e-5cdb-ae25-3885bd690f98' WHERE id = 12;
UPDATE public.signups SET event_id = 'bfe5d8f5-51bd-582e-b735-a8ae497a8497', user_id = '28c93b57-679d-5754-a744-ded420174def' WHERE id = 13;
UPDATE public.signups SET event_id = '96393ab4-cbd2-51bc-a1f8-0e783aa08977', user_id = '583ab958-b78e-5cdb-ae25-3885bd690f98' WHERE id = 14;
UPDATE public.signups SET event_id = 'bfe5d8f5-51bd-582e-b735-a8ae497a8497', user_id = '90763d54-ade2-5337-937e-111ac06c92a4' WHERE id = 15;
UPDATE public.signups SET event_id = 'bfe5d8f5-51bd-582e-b735-a8ae497a8497', user_id = 'be59f9ba-1841-549f-9961-4deb882e6179' WHERE id = 16;
UPDATE public.signups SET event_id = '96393ab4-cbd2-51bc-a1f8-0e783aa08977', user_id = '010a1bde-4154-593d-82b8-3bb9ba668314' WHERE id = 17;
UPDATE public.signups SET event_id = 'b0af2f0f-203c-5c18-8321-2b4ea55d95f4', user_id = '7ef502c8-8350-51ed-b780-17c8c9ce61cd' WHERE id = 18;
UPDATE public.signups SET event_id = '96393ab4-cbd2-51bc-a1f8-0e783aa08977', user_id = '7cd5f81b-20a9-51a3-94ff-639f9249f63d' WHERE id = 19;
UPDATE public.signups SET event_id = 'c8350ce6-3c40-5840-a87b-7e6c453eff95', user_id = '010a1bde-4154-593d-82b8-3bb9ba668314' WHERE id = 20;
UPDATE public.signups SET event_id = 'c8350ce6-3c40-5840-a87b-7e6c453eff95', user_id = '28c93b57-679d-5754-a744-ded420174def' WHERE id = 21;
UPDATE public.signups SET event_id = '96393ab4-cbd2-51bc-a1f8-0e783aa08977', user_id = '1edee2c7-0e7d-5884-915a-aee7d0eb29c4' WHERE id = 22;
UPDATE public.signups SET event_id = '96393ab4-cbd2-51bc-a1f8-0e783aa08977', user_id = 'be59f9ba-1841-549f-9961-4deb882e6179' WHERE id = 23;
UPDATE public.signups SET event_id = 'c8350ce6-3c40-5840-a87b-7e6c453eff95', user_id = '1e4f276f-1b02-5f93-bec2-95e0aa545aae' WHERE id = 24;
UPDATE public.signups SET event_id = '96393ab4-cbd2-51bc-a1f8-0e783aa08977', user_id = 'ee8632a8-fbc0-5b25-8103-1376de155bcf' WHERE id = 25;
UPDATE public.signups SET event_id = 'c8350ce6-3c40-5840-a87b-7e6c453eff95', user_id = '28c93b57-679d-5754-a744-ded420174def' WHERE id = 26;
UPDATE public.signups SET event_id = 'b0af2f0f-203c-5c18-8321-2b4ea55d95f4', user_id = '3b2f0e56-e631-5566-a206-c4fff0284bc3' WHERE id = 27;
UPDATE public.signups SET event_id = 'c8350ce6-3c40-5840-a87b-7e6c453eff95', user_id = '8b18b2a2-ad5b-5009-bafd-c1c6c013fcec' WHERE id = 28;
UPDATE public.signups SET event_id = '96393ab4-cbd2-51bc-a1f8-0e783aa08977', user_id = '7ef502c8-8350-51ed-b780-17c8c9ce61cd' WHERE id = 29;
UPDATE public.signups SET event_id = '96393ab4-cbd2-51bc-a1f8-0e783aa08977', user_id = '8b18b2a2-ad5b-5009-bafd-c1c6c013fcec' WHERE id = 30;
UPDATE public.signups SET event_id = 'b0af2f0f-203c-5c18-8321-2b4ea55d95f4', user_id = '583ab958-b78e-5cdb-ae25-3885bd690f98' WHERE id = 31;
UPDATE public.signups SET event_id = '96393ab4-cbd2-51bc-a1f8-0e783aa08977', user_id = 'cd865cef-1e8d-5694-8a2d-6ee50c746cfb' WHERE id = 32;
UPDATE public.signups SET event_id = '96393ab4-cbd2-51bc-a1f8-0e783aa08977', user_id = '28137b1d-e539-5587-ae3f-45fb750b0245' WHERE id = 33;
UPDATE public.signups SET event_id = 'c8350ce6-3c40-5840-a87b-7e6c453eff95', user_id = '8b18b2a2-ad5b-5009-bafd-c1c6c013fcec' WHERE id = 34;
UPDATE public.signups SET event_id = 'bfe5d8f5-51bd-582e-b735-a8ae497a8497', user_id = '4343ea0f-d55d-5395-bb2b-6ad0b47516d2' WHERE id = 35;
UPDATE public.signups SET event_id = 'c8350ce6-3c40-5840-a87b-7e6c453eff95', user_id = 'be59f9ba-1841-549f-9961-4deb882e6179' WHERE id = 36;
UPDATE public.signups SET event_id = 'b0af2f0f-203c-5c18-8321-2b4ea55d95f4', user_id = 'c0b021f3-4e27-56a0-b528-3e1fe1a26edc' WHERE id = 37;
UPDATE public.signups SET event_id = '96393ab4-cbd2-51bc-a1f8-0e783aa08977', user_id = 'cd865cef-1e8d-5694-8a2d-6ee50c746cfb' WHERE id = 38;
UPDATE public.signups SET event_id = 'c8350ce6-3c40-5840-a87b-7e6c453eff95', user_id = '7cd5f81b-20a9-51a3-94ff-639f9249f63d' WHERE id = 39;
UPDATE public.signups SET event_id = 'c8350ce6-3c40-5840-a87b-7e6c453eff95', user_id = '77e3cc8a-c42c-532b-a359-a8bbcb772461' WHERE id = 40;
UPDATE public.signups SET event_id = 'bfe5d8f5-51bd-582e-b735-a8ae497a8497', user_id = '70b3257d-0abf-533a-bd0c-10c39a03f7a1' WHERE id = 41;
UPDATE public.signups SET event_id = 'bfe5d8f5-51bd-582e-b735-a8ae497a8497', user_id = '010a1bde-4154-593d-82b8-3bb9ba668314' WHERE id = 42;
UPDATE public.signups SET event_id = '96393ab4-cbd2-51bc-a1f8-0e783aa08977', user_id = 'f69d84ba-12d3-5ecf-b559-4812c9fa6e95' WHERE id = 43;
UPDATE public.signups SET event_id = '96393ab4-cbd2-51bc-a1f8-0e783aa08977', user_id = '1edee2c7-0e7d-5884-915a-aee7d0eb29c4' WHERE id = 44;
UPDATE public.signups SET event_id = 'c8350ce6-3c40-5840-a87b-7e6c453eff95', user_id = '28137b1d-e539-5587-ae3f-45fb750b0245' WHERE id = 45;
UPDATE public.signups SET event_id = 'b0af2f0f-203c-5c18-8321-2b4ea55d95f4', user_id = '28137b1d-e539-5587-ae3f-45fb750b0245' WHERE id = 46;
UPDATE public.signups SET event_id = 'bfe5d8f5-51bd-582e-b735-a8ae497a8497', user_id = '8b18b2a2-ad5b-5009-bafd-c1c6c013fcec' WHERE id = 47;
UPDATE public.signups SET event_id = 'c8350ce6-3c40-5840-a87b-7e6c453eff95', user_id = 'c0b021f3-4e27-56a0-b528-3e1fe1a26edc' WHERE id = 48;
UPDATE public.signups SET event_id = 'c8350ce6-3c40-5840-a87b-7e6c453eff95', user_id = '7e796d39-f8bd-53c0-b1ca-27ddbf57f1a5' WHERE id = 49;
UPDATE public.signups SET event_id = '96393ab4-cbd2-51bc-a1f8-0e783aa08977', user_id = 'c0b021f3-4e27-56a0-b528-3e1fe1a26edc' WHERE id = 50;
UPDATE public.events SET owned_by = '3b2f0e56-e631-5566-a206-c4fff0284bc3' WHERE id = 'c8350ce6-3c40-5840-a87b-7e6c453eff95';
UPDATE public.events SET owned_by = '482ede39-c903-5d15-ad5b-12f016524599' WHERE id = '96393ab4-cbd2-51bc-a1f8-0e783aa08977';
UPDATE public.events SET owned_by = '461d5181-94a4-53b0-ad4d-d1bdd077ec0a' WHERE id = 'b0af2f0f-203c-5c18-8321-2b4ea55d95f4';
UPDATE public.events SET owned_by = '583ab958-b78e-5cdb-ae25-3885bd690f98' WHERE id = 'bfe5d8f5-51bd-582e-b735-a8ae497a8497';


SELECT pg_catalog.setval('public.signups_id_seq', 201, true);